code_departement	nom_departement	nom_region	code_region	nom_academie	code_academie
4	Alpes-de-Haute-Provence	Provence-Alpes-Côte d'Azur	93	Académie d'Aix-Marseille	1
5	Hautes-Alpes	Provence-Alpes-Côte d'Azur	93	Académie d'Aix-Marseille	1
13	Bouches-du-Rhône	Provence-Alpes-Côte d'Azur	93	Académie d'Aix-Marseille	1
84	Vaucluse	Provence-Alpes-Côte d'Azur	93	Académie d'Aix-Marseille	1
2	Aisne	Hauts-de-France	32	Académie d'Amiens	2
60	Oise	Hauts-de-France	32	Académie d'Amiens	2
80	Somme	Hauts-de-France	32	Académie d'Amiens	2
18	Cher	Centre-Val de Loire 	24	Académie d'Orléans-Tours	30
28	Eure-et-Loir	Centre-Val de Loire	24	Académie d'Orléans-Tours	30
36	Indre	Centre-Val de Loire	24	Académie d'Orléans-Tours	30
37	Indre-et-Loire	Centre-Val de Loire	24	Académie d'Orléans-Tours	30
41	Loir-et-Cher	Centre-Val de Loire 	24	Académie d'Orléans-Tours	30
45	Loiret	Centre-Val de Loire 	24	Académie d'Orléans-Tours	30
25	Doubs	Bourgogne-Franche-Comté	27	Académie de Besançon	3
39	Jura	Bourgogne-Franche-Comté	27	Académie de Besançon	3
70	Haute-Saône	Bourgogne-Franche-Comté	27	Académie de Besançon	3
90	Territoire de Belfort	Bourgogne-Franche-Comté	27	Académie de Besançon	3
24	Dordogne	Nouvelle-Aquitaine	75	Académie de Bordeaux	4
33	Gironde	Nouvelle-Aquitaine	75	Académie de Bordeaux	4
40	Landes	Nouvelle-Aquitaine	75	Académie de Bordeaux	4
47	Lot-et-Garonne	Nouvelle-Aquitaine	75	Académie de Bordeaux	4
64	Pyrénées-Atlantiques	Nouvelle-Aquitaine	75	Académie de Bordeaux	4
14	Calvados	Normandie	28	Académie de Caen	5
50	Manche	Normandie	28	Académie de Caen	5
61	Orne	Normandie	28	Académie de Caen	5
3	Allier	Auvergne-Rhône-Alpes	84	Académie de Clermont-Ferrand	6
15	Cantal	Auvergne-Rhône-Alpes	84	Académie de Clermont-Ferrand	6
43	Haute-Loire	Auvergne-Rhône-Alpes	84	Académie de Clermont-Ferrand	6
63	Puy-de-Dôme	Auvergne-Rhône-Alpes	84	Académie de Clermont-Ferrand	6
2A	Corse-du-Sud	Corse	94	Académie de Corse	7
2B	Haute-Corse	Corse	94	Académie de Corse	7
77	Seine-et-Marne	Île-de-France 	11	Académie de Créteil	8
93	Seine-Saint-Denis	Île-de-France 	11	Académie de Créteil	8
94	Val-de-Marne	Île-de-France 	11	Académie de Créteil	8
21	Côte-d'Or	Bourgogne-Franche-Comté	27	Académie de Dijon	9
58	Nièvre	Bourgogne-Franche-Comté	27	Académie de Dijon	9
71	Saône-et-Loire	Bourgogne-Franche-Comté	27	Académie de Dijon	9
89	Yonne	Bourgogne-Franche-Comté	27	Académie de Dijon	9
7	Ardèche	Auvergne-Rhône-Alpes	84	Académie de Grenoble	10
26	Drôme	Auvergne-Rhône-Alpes	84	Académie de Grenoble	10
38	Isère	Auvergne-Rhône-Alpes	84	Académie de Grenoble	10
73	Savoie	Auvergne-Rhône-Alpes	84	Académie de Grenoble	10
74	Haute-Savoie	Auvergne-Rhône-Alpes	84	Académie de Grenoble	10
				Académie de Guyane	11
				Académie de la Guadeloupe	12
				Académie de la Martinique	13
				Académie de la Réunion	14
59	Nord	Hauts-de-France	32	Académie de Lille	15
62	Pas-de-Calais	Hauts-de-France	32	Académie de Lille	15
19	Corrèze	Nouvelle-Aquitaine	75	Académie de Limoges	16
23	Creuse	Nouvelle-Aquitaine	75	Académie de Limoges	16
87	Haute-Vienne	Nouvelle-Aquitaine	75	Académie de Limoges	16
1	Ain	Auvergne-Rhône-Alpes	84	Académie de Lyon	17
42	Loire	Auvergne-Rhône-Alpes	84	Académie de Lyon	17
69	Rhône	Auvergne-Rhône-Alpes	84	Académie de Lyon	17
11	Aude	Occitanie	76	Académie de Montpellier	18
30	Gard	Occitanie	76	Académie de Montpellier	18
34	Hérault	Occitanie	76	Académie de Montpellier	18
48	Lozère	Occitanie	76	Académie de Montpellier	18
66	Pyrénées-Orientales	Occitanie	76	Académie de Montpellier	18
54	Meurthe-et-Moselle	Grand Est	44	Académie de Nancy-Metz	19
55	Meuse	Grand Est	44	Académie de Nancy-Metz	19
57	Moselle	Grand Est	44	Académie de Nancy-Metz	19
88	Vosges	Grand Est	44	Académie de Nancy-Metz	19
44	Loire-Atlantique	Pays de la Loire	52	Académie de Nantes	20
49	Maine-et-Loire	Pays de la Loire	52	Académie de Nantes	20
53	Mayenne	Pays de la Loire	52	Académie de Nantes	20
72	Sarthe	Pays de la Loire	52	Académie de Nantes	20
85	Vendée	Pays de la Loire	52	Académie de Nantes	20
6	Alpes-Maritimes	Provence-Alpes-Côte d'Azur	93	Académie de Nice	21
83	Var	Provence-Alpes-Côte d'Azur	93	Académie de Nice	21
75	Paris	Île-de-France 	11	Académie de Paris	22
16	Charente	Nouvelle-Aquitaine	75	Académie de Poitiers	23
17	Charente-Maritime	Nouvelle-Aquitaine	75	Académie de Poitiers	23
79	Deux-Sèvres	Nouvelle-Aquitaine	75	Académie de Poitiers	23
86	Vienne	Nouvelle-Aquitaine	75	Académie de Poitiers	23
8	Ardennes	Grand Est	44	Académie de Reims	24
10	Aube	Grand Est	44	Académie de Reims	24
51	Marne	Grand Est	44	Académie de Reims	24
52	Haute-Marne	Grand Est	44	Académie de Reims	24
22	Côtes-d'Armor	Bretagne	53	Académie de Rennes	25
29	Finistère	Bretagne	53	Académie de Rennes	25
35	Ille-et-Vilaine	Bretagne	53	Académie de Rennes	25
56	Morbihan	Bretagne	53	Académie de Rennes	25
27	Eure	Normandie	28	Académie de Rouen	26
76	Seine-Maritime	Normandie	28	Académie de Rouen	26
67	Bas-Rhin	Grand Est	44	Académie de Strasbourg	27
68	Haut-Rhin	Grand Est	44	Académie de Strasbourg	27
9	Ariège	Occitanie	76	Académie de Toulouse	28
12	Aveyron	Occitanie	76	Académie de Toulouse	28
31	Haute-Garonne	Occitanie	76	Académie de Toulouse	28
32	Gers	Occitanie	76	Académie de Toulouse	28
46	Lot	Occitanie	76	Académie de Toulouse	28
65	Hautes-Pyrénées	Occitanie	76	Académie de Toulouse	28
81	Tarn	Occitanie	76	Académie de Toulouse	28
82	Tarn-et-Garonne	Occitanie	76	Académie de Toulouse	28
78	Yvelines	Île-de-France 	11	Académie de Versailles	29
91	Essonne	Île-de-France 	11	Académie de Versailles	29
92	Hauts-de-Seine	Île-de-France 	11	Académie de Versailles	29
95	Val-d'Oise	Île-de-France 	11	Académie de Versailles	29
